PROTEIN 1,POSITION,PROTEIN 2,POSITION,Times observed
TAF14,2,TAF14,149,7
TAF14,6,TAF14,149,4
TAF14,124,TAF14,149,2
TAF14,149,TAF14,161,16
TAF14,149,TAF14,163,1
TAF14,149,TAF14,166,7
TAF14,149,TAF14,174,6
TAF14,161,TAF14,166,31
TAF14,161,TAF14,174,5
TAF14,163,TAF14,166,1
TAF14,166,TAF14,181,3
TAF14,181,TAF14,240,6
IES3,34,TAF14,166,1
INO80,334,TAF14,149,2
INO80,347,TAF14,149,3
INO80,334,TAF14,161,4
INO80,347,TAF14,161,4
INO80,186,TAF14,166,1
INO80,334,TAF14,166,6
INO80,347,TAF14,166,3
INO80,334,TAF14,181,3
IES1,485,TAF14,166,1
ARP4,313,TAF14,166,5
H2B,6,H2B,17,2
H2B,6,H2B,117,2
H2B,12,H2B,12,2
H2B,12,H2B,17,13
H2B,12,H2B,21,9
H2B,12,H2B,24,1
H2B,12,H2B,117,13
H2B,13,H2B,17,3
H2B,13,H2B,117,3
H2B,17,H2B,25,2
H2B,21,H2B,25,8
H2B,21,H2B,28,1
H2B,21,H2B,121,1
H2B,35,H2B,58,44
H2B,35,H2B,86,2
H2B,47,H2B,47,1
H2B,47,H2B,86,3
H2B,86,H2B,86,3
H2B,86,H2B,117,2
H2B,109,H2B,117,1
H2B,117,H2B,126,5
H2B,47,IES3,190,1
H2B,58,IES3,185,1
H2B,58,IES3,190,1
H2B,12,INO80,28,1
H2B,44,INO80,12,4
H2B,58,INO80,12,1
H2B,86,INO80,460,1
H2B,109,INO80,794,12
H2B,117,INO80,794,3
H2B,21,IES1,580,1
H2B,109,IES1,341,1
H2B,117,IES1,583,1
H2B,35,IES2,231,1
NHP10,32,NHP10,85,1
NHP10,32,NHP10,137,1
NHP10,32,NHP10,141,1
NHP10,68,NHP10,74,4
NHP10,74,NHP10,78,4
NHP10,74,NHP10,80,5
NHP10,74,NHP10,85,1
NHP10,74,NHP10,109,2
NHP10,85,NHP10,109,1
NHP10,85,NHP10,160,7
NHP10,85,NHP10,176,2
NHP10,85,NHP10,178,1
NHP10,85,NHP10,187,1
NHP10,87,NHP10,109,3
NHP10,87,NHP10,160,6
NHP10,109,NHP10,160,3
NHP10,109,NHP10,170,1
NHP10,109,NHP10,178,1
NHP10,109,NHP10,192,2
NHP10,137,NHP10,160,5
NHP10,137,NHP10,187,1
NHP10,137,NHP10,192,2
NHP10,141,NHP10,159,3
NHP10,141,NHP10,160,7
NHP10,141,NHP10,178,1
NHP10,160,NHP10,187,3
NHP10,160,NHP10,192,2
NHP10,170,NHP10,178,14
NHP10,170,NHP10,187,5
NHP10,170,NHP10,192,2
NHP10,176,NHP10,187,5
NHP10,176,NHP10,192,2
IES3,182,NHP10,32,1
IES3,182,NHP10,35,15
IES3,39,NHP10,74,9
IES3,209,NHP10,74,1
IES3,77,NHP10,85,3
IES3,209,NHP10,85,4
IES3,209,NHP10,137,7
INO80,109,NHP10,109,1
INO80,186,NHP10,109,4
INO80,186,NHP10,137,5
INO80,186,NHP10,141,1
INO80,483,NHP10,170,25
NHP10,141,RVB1,137,1
IES1,674,NHP10,32,5
IES1,580,NHP10,74,12
IES1,580,NHP10,80,2
IES1,580,NHP10,85,2
IES1,609,NHP10,109,4
IES1,609,NHP10,137,5
IES1,533,NHP10,160,2
ARP8,401,NHP10,68,4
ARP8,136,NHP10,74,3
ARP8,556,NHP10,74,8
ARP8,567,NHP10,74,4
ARP8,368,NHP10,178,5
IES5,2,NHP10,14,7
IES5,4,NHP10,14,3
IES5,12,NHP10,14,3
IES5,16,NHP10,14,34
IES5,41,NHP10,35,5
IES5,41,NHP10,74,1
IES5,16,NHP10,109,1
IES5,32,NHP10,109,2
IES5,41,NHP10,129,1
IES5,16,NHP10,137,2
IES5,26,NHP10,137,3
IES5,16,NHP10,141,4
IES5,26,NHP10,141,2
IES5,16,NHP10,160,3
IES5,16,NHP10,170,1
IES5,16,NHP10,187,2
IES5,26,NHP10,192,2
IES5,32,NHP10,192,1
IES3,34,IES3,40,2
IES3,34,IES3,88,11
IES3,11,INO80,182,2
IES3,24,INO80,505,2
IES3,239,INO80,186,1
IES3,239,INO80,308,3
IES3,239,INO80,334,4
IES3,239,INO80,378,1
ARP5,289,IES3,239,1
ARP5,323,IES3,239,1
IES3,239,RVB1,8,2
IES3,209,IES5,80,5
INO80,19,INO80,28,1
INO80,28,INO80,46,4
INO80,28,INO80,1326,1
INO80,109,INO80,186,1
INO80,109,INO80,629,1
INO80,119,INO80,515,1
INO80,182,INO80,185,8
INO80,182,INO80,186,8
INO80,186,INO80,186,10
INO80,186,INO80,321,1
INO80,308,INO80,321,3
INO80,320,INO80,324,6
INO80,321,INO80,334,4
INO80,321,INO80,378,1
INO80,324,INO80,393,1
INO80,334,INO80,341,6
INO80,334,INO80,505,1
INO80,341,INO80,347,1
INO80,345,INO80,350,1
INO80,345,INO80,352,2
INO80,350,INO80,374,1
INO80,383,INO80,387,21
INO80,383,INO80,443,1
INO80,393,INO80,443,2
INO80,393,INO80,544,2
INO80,403,INO80,443,1
INO80,427,INO80,443,17
INO80,441,INO80,443,6
INO80,443,INO80,456,26
INO80,443,INO80,460,4
INO80,478,INO80,483,9
INO80,487,INO80,487,1
INO80,515,INO80,572,1
INO80,520,INO80,526,11
INO80,523,INO80,526,1
INO80,544,INO80,555,3
INO80,545,INO80,556,1
INO80,555,INO80,566,4
INO80,556,INO80,566,2
INO80,559,INO80,567,9
INO80,566,INO80,572,7
INO80,572,INO80,580,1
INO80,580,INO80,598,1
INO80,580,INO80,600,1
INO80,580,INO80,915,2
INO80,707,INO80,938,6
INO80,782,INO80,794,1
INO80,794,INO80,915,1
INO80,794,INO80,1350,2
INO80,798,INO80,1350,1
INO80,803,INO80,855,1
INO80,803,INO80,1300,1
INO80,803,INO80,1310,1
INO80,915,INO80,929,6
INO80,915,INO80,1009,2
INO80,915,INO80,1350,3
INO80,929,INO80,929,3
INO80,929,INO80,938,3
INO80,929,INO80,962,1
INO80,962,INO80,1009,3
INO80,962,INO80,1300,1
INO80,962,INO80,1350,1
INO80,1009,INO80,1300,3
INO80,1009,INO80,1303,9
INO80,1009,INO80,1310,4
INO80,1009,INO80,1312,2
INO80,1009,INO80,1326,2
INO80,1009,INO80,1350,7
INO80,1009,INO80,1454,2
INO80,1082,INO80,1168,1
INO80,1150,INO80,1312,4
INO80,1300,INO80,1303,5
INO80,1300,INO80,1312,3
INO80,1303,INO80,1312,1
INO80,1350,INO80,1454,1
INO80,1437,INO80,1454,1
INO80,1437,INO80,1457,1
INO80,1439,INO80,1439,1
INO80,1439,INO80,1450,1
INO80,1439,INO80,1457,1
INO80,1450,INO80,1457,21
INO80,1457,INO80,1474,14
ARP5,731,INO80,9,6
ARP5,731,INO80,12,1
ARP5,74,INO80,186,1
ARP5,432,INO80,186,1
ARP5,467,INO80,186,1
ARP5,74,INO80,308,3
ARP5,467,INO80,308,3
ARP5,289,INO80,321,1
ARP5,323,INO80,321,1
ARP5,74,INO80,334,4
ARP5,467,INO80,334,4
ARP5,74,INO80,378,1
ARP5,467,INO80,378,1
ARP5,440,INO80,559,9
ARP5,489,INO80,567,1
ARP5,480,INO80,1150,4
INO80,19,RVB1,377,1
INO80,321,RVB1,8,2
INO80,387,RVB1,241,1
INO80,487,RVB1,2,1
INO80,929,RVB1,2,2
INO80,929,RVB1,174,1
INO80,947,RVB1,2,1
INO80,962,RVB1,31,18
INO80,962,RVB1,174,1
INO80,968,RVB1,31,3
INO80,968,RVB1,42,1
INO80,1009,RVB1,2,7
INO80,1009,RVB1,31,2
INO80,1009,RVB1,134,6
INO80,1009,RVB1,174,5
INO80,1009,RVB1,234,15
INO80,1082,RVB1,283,2
INO80,1082,RVB1,290,5
INO80,1168,RVB1,134,2
INO80,1261,RVB1,161,9
INO80,1270,RVB1,193,1
INO80,1300,RVB1,31,2
INO80,1300,RVB1,174,2
INO80,1300,RVB1,234,9
INO80,1303,RVB1,8,12
INO80,1303,RVB1,31,2
INO80,1303,RVB1,234,1
INO80,1310,RVB1,2,3
INO80,1310,RVB1,174,1
INO80,1312,RVB1,31,2
INO80,1312,RVB1,234,1
INO80,1350,RVB1,174,4
IES1,674,INO80,45,3
IES1,598,INO80,108,1
IES1,650,INO80,109,4
IES1,609,INO80,119,28
IES1,609,INO80,186,1
IES1,668,INO80,1082,2
ARP4,313,INO80,427,1
ARP4,313,INO80,443,7
ARP4,473,INO80,443,8
ARP4,323,INO80,478,12
ARP4,326,INO80,478,14
ARP4,336,INO80,478,1
ARP4,332,INO80,483,1
ARP4,336,INO80,483,1
ARP4,377,INO80,1112,1
IES4,57,INO80,443,4
IES4,93,INO80,443,2
IES4,94,INO80,456,3
IES4,93,INO80,483,1
IES4,94,INO80,487,3
IES4,93,INO80,505,2
ARP8,176,INO80,441,1
ARP8,132,INO80,443,6
ARP8,150,INO80,443,1
ARP8,158,INO80,443,9
ARP8,165,INO80,443,7
ARP8,165,INO80,456,5
ARP8,176,INO80,456,9
ARP8,132,INO80,460,2
ARP8,150,INO80,460,1
ARP8,158,INO80,460,9
ARP8,202,INO80,505,89
ARP8,210,INO80,523,3
ARP8,211,INO80,523,5
ARP8,222,INO80,523,1
ARP8,222,INO80,526,4
ARP8,768,INO80,526,2
ARP8,284,INO80,545,5
ARP8,595,INO80,794,2
ARP8,787,INO80,1310,3
IES2,230,INO80,794,1
IES2,232,INO80,794,1
IES2,250,INO80,794,2
IES2,261,INO80,794,6
IES2,286,INO80,794,2
IES2,232,INO80,798,1
IES2,250,INO80,798,6
IES2,261,INO80,798,4
IES2,261,INO80,803,13
IES2,250,INO80,1009,4
IES2,255,INO80,1009,1
IES2,261,INO80,1009,2
IES2,275,INO80,1009,3
IES2,250,INO80,1312,2
IES2,261,INO80,1312,5
IES2,270,INO80,1312,1
IES2,286,INO80,1312,8
IES2,250,INO80,1350,3
IES2,261,INO80,1350,3
IES2,270,INO80,1350,3
IES2,271,INO80,1350,1
IES2,275,INO80,1350,2
INO80,45,RVB2,194,1
INO80,186,RVB2,281,1
INO80,341,RVB2,357,1
INO80,345,RVB2,130,1
INO80,712,RVB2,281,2
INO80,1082,RVB2,174,4
INO80,1082,RVB2,233,20
IES5,16,INO80,186,1
IES5,26,INO80,341,1
ARP5,12,ARP5,289,26
ARP5,12,ARP5,300,2
ARP5,12,ARP5,302,1
ARP5,12,ARP5,498,6
ARP5,48,ARP5,676,2
ARP5,74,ARP5,289,1
ARP5,74,ARP5,323,1
ARP5,237,ARP5,489,1
ARP5,289,ARP5,300,6
ARP5,289,ARP5,302,6
ARP5,289,ARP5,467,1
ARP5,300,ARP5,302,4
ARP5,300,ARP5,319,4
ARP5,300,ARP5,470,2
ARP5,300,ARP5,489,6
ARP5,302,ARP5,319,2
ARP5,302,ARP5,362,1
ARP5,302,ARP5,422,1
ARP5,302,ARP5,435,2
ARP5,302,ARP5,445,1
ARP5,302,ARP5,489,5
ARP5,306,ARP5,319,1
ARP5,306,ARP5,435,3
ARP5,306,ARP5,489,1
ARP5,319,ARP5,373,6
ARP5,319,ARP5,489,4
ARP5,323,ARP5,362,4
ARP5,323,ARP5,373,10
ARP5,323,ARP5,467,1
ARP5,323,ARP5,489,7
ARP5,323,ARP5,498,4
ARP5,323,ARP5,509,6
ARP5,332,ARP5,342,3
ARP5,332,ARP5,343,1
ARP5,342,ARP5,361,9
ARP5,343,ARP5,361,6
ARP5,361,ARP5,372,2
ARP5,361,ARP5,435,2
ARP5,362,ARP5,373,1
ARP5,362,ARP5,470,6
ARP5,362,ARP5,489,12
ARP5,372,ARP5,435,2
ARP5,396,ARP5,422,3
ARP5,396,ARP5,432,2
ARP5,413,ARP5,417,17
ARP5,422,ARP5,430,1
ARP5,422,ARP5,432,1
ARP5,422,ARP5,435,1
ARP5,432,ARP5,440,10
ARP5,435,ARP5,440,1
ARP5,435,ARP5,470,2
ARP5,440,ARP5,448,4
ARP5,445,ARP5,448,5
ARP5,445,ARP5,467,8
ARP5,445,ARP5,470,11
ARP5,448,ARP5,467,4
ARP5,470,ARP5,476,1
ARP5,470,ARP5,509,1
ARP5,473,ARP5,480,4
ARP5,478,ARP5,489,1
ARP5,480,ARP5,489,2
ARP5,486,ARP5,489,6
ARP5,489,ARP5,498,11
ARP5,489,ARP5,509,7
ARP5,489,ARP5,513,2
ARP5,498,ARP5,498,1
ARP5,498,ARP5,513,1
ARP5,681,ARP5,686,1
ARP5,726,ARP5,732,3
ARP5,726,ARP5,743,6
ARP5,726,ARP5,746,40
ARP5,74,RVB1,8,2
ARP5,430,RVB1,171,1
ARP5,467,RVB1,8,2
ARP5,686,RVB1,174,9
ARP5,498,IES1,128,1
ARP5,69,IES6,54,8
ARP5,69,IES6,55,87
ARP5,489,IES6,114,5
ARP5,489,IES6,126,2
ARP5,489,IES6,145,1
ARP5,489,IES6,157,2
ARP4,367,ARP5,435,3
ARP4,213,ARP5,462,1
ARP5,435,ARP8,158,2
ARP5,480,ARP8,626,1
ARP5,362,IES2,267,6
ARP5,435,IES2,267,2
ARP5,509,IES2,267,1
RVB1,2,RVB1,31,42
RVB1,2,RVB1,42,14
RVB1,2,RVB1,99,7
RVB1,2,RVB1,174,5
RVB1,2,RVB1,177,1
RVB1,2,RVB1,210,1
RVB1,2,RVB1,234,15
RVB1,2,RVB1,290,2
RVB1,2,RVB1,432,13
RVB1,8,RVB1,31,39
RVB1,8,RVB1,42,12
RVB1,8,RVB1,99,1
RVB1,8,RVB1,134,1
RVB1,8,RVB1,174,5
RVB1,8,RVB1,234,9
RVB1,8,RVB1,432,26
RVB1,31,RVB1,42,1
RVB1,31,RVB1,66,13
RVB1,99,RVB1,134,7
RVB1,134,RVB1,234,1
RVB1,137,RVB1,239,1
RVB1,171,RVB1,234,15
RVB1,174,RVB1,234,30
RVB1,174,RVB1,240,1
RVB1,174,RVB1,241,2
RVB1,174,RVB1,283,1
RVB1,177,RVB1,234,1
RVB1,177,RVB1,240,2
RVB1,177,RVB1,241,2
RVB1,234,RVB1,241,2
RVB1,234,RVB1,277,1
RVB1,234,RVB1,283,6
RVB1,239,RVB1,241,1
RVB1,239,RVB1,283,4
RVB1,283,RVB1,290,3
RVB1,443,RVB1,454,22
RVB1,450,RVB1,454,1
ARP8,368,RVB1,193,1
IES2,275,RVB1,171,1
IES2,286,RVB1,171,2
IES2,286,RVB1,174,5
IES2,106,RVB1,193,2
RVB1,2,RVB2,233,17
RVB1,2,RVB2,414,7
RVB1,8,RVB2,130,1
RVB1,8,RVB2,183,1
RVB1,66,RVB2,414,6
RVB1,161,RVB2,154,9
RVB1,177,RVB2,183,10
RVB1,193,RVB2,154,4
RVB1,290,RVB2,154,3
RVB1,290,RVB2,194,1
RVB1,290,RVB2,198,6
RVB1,432,RVB2,59,54
RVB1,450,RVB2,338,27
RVB1,454,RVB2,338,26
RVB1,454,RVB2,357,13
ACT1,315,RVB1,432,3
IES1,113,IES1,121,5
IES1,113,IES1,127,2
IES1,113,IES1,137,1
IES1,113,IES1,283,1
IES1,113,IES1,341,1
IES1,113,IES1,370,3
IES1,113,IES1,389,9
IES1,115,IES1,127,1
IES1,115,IES1,283,3
IES1,121,IES1,127,13
IES1,121,IES1,283,7
IES1,121,IES1,389,4
IES1,127,IES1,283,8
IES1,128,IES1,283,1
IES1,160,IES1,176,10
IES1,164,IES1,184,1
IES1,274,IES1,283,2
IES1,274,IES1,468,8
IES1,303,IES1,341,1
IES1,341,IES1,362,2
IES1,341,IES1,370,1
IES1,341,IES1,434,14
IES1,362,IES1,374,7
IES1,362,IES1,389,2
IES1,484,IES1,492,15
IES1,533,IES1,561,1
IES1,561,IES1,571,2
IES1,561,IES1,580,1
IES1,570,IES1,580,4
IES1,598,IES1,609,27
IES1,609,IES1,625,1
ARP8,368,IES1,151,1
ARP8,135,IES1,184,1
ARP8,567,IES1,283,1
IES1,669,IES2,261,3
IES1,374,RVB2,94,1
IES1,533,RVB2,161,1
IES6,61,IES6,72,14
IES6,72,IES6,80,9
IES6,72,IES6,83,6
IES6,145,IES6,166,1
IES6,157,IES6,166,6
ARP8,626,IES6,157,1
IES6,114,RVB2,154,2
IES6,126,RVB2,154,5
IES6,126,RVB2,157,7
ARP4,195,ARP4,218,5
ARP4,195,ARP4,227,20
ARP4,201,ARP4,218,10
ARP4,201,ARP4,267,12
ARP4,210,ARP4,218,1
ARP4,210,ARP4,219,25
ARP4,218,ARP4,227,12
ARP4,253,ARP4,267,3
ARP4,259,ARP4,296,5
ARP4,313,ARP4,336,4
ARP4,313,ARP4,343,1
ARP4,313,ARP4,374,1
ARP4,323,ARP4,326,12
ARP4,323,ARP4,332,2
ARP4,323,ARP4,336,5
ARP4,326,ARP4,335,1
ARP4,326,ARP4,336,15
ARP4,326,ARP4,343,1
ARP4,326,ARP4,350,1
ARP4,326,ARP4,436,4
ARP4,332,ARP4,336,20
ARP4,332,ARP4,343,1
ARP4,336,ARP4,350,1
ARP4,336,ARP4,436,6
ARP4,350,ARP4,377,1
ARP4,367,ARP4,374,2
ARP4,367,ARP4,377,2
ARP4,374,ARP4,374,1
ARP4,323,IES4,94,1
ARP4,473,IES4,46,2
ARP4,473,IES4,51,2
ARP4,473,IES4,84,4
ARP4,473,IES4,89,3
ARP4,473,IES4,93,2
ARP4,473,IES4,94,7
ARP4,55,ARP8,688,1
ARP4,323,ARP8,132,3
ARP4,326,ARP8,132,2
ARP4,336,ARP8,132,2
ARP4,336,ARP8,136,1
ARP4,367,ARP8,626,1
ARP4,473,ARP8,176,3
ARP4,195,IES2,230,1
ACT1,315,ARP4,210,2
IES4,44,IES4,57,8
IES4,44,IES4,84,11
IES4,44,IES4,89,5
IES4,44,IES4,93,10
IES4,44,IES4,94,8
IES4,84,IES4,93,11
IES4,84,IES4,94,9
IES4,89,IES4,93,16
IES4,89,IES4,94,14
IES4,93,IES4,94,1
ARP8,176,IES4,51,1
ARP8,176,IES4,57,1
ARP8,176,IES4,84,3
ARP8,165,IES4,89,1
ARP8,165,IES4,93,3
ARP8,176,IES4,93,7
ARP8,165,IES4,94,1
ARP8,172,IES4,94,3
ACT1,50,IES4,94,1
ACT1,328,IES4,108,1
ARP8,132,ARP8,135,20
ARP8,132,ARP8,136,29
ARP8,132,ARP8,139,10
ARP8,132,ARP8,144,3
ARP8,132,ARP8,149,2
ARP8,132,ARP8,150,3
ARP8,132,ARP8,158,8
ARP8,132,ARP8,165,10
ARP8,132,ARP8,172,1
ARP8,135,ARP8,144,1
ARP8,135,ARP8,150,1
ARP8,135,ARP8,158,2
ARP8,136,ARP8,150,1
ARP8,136,ARP8,158,3
ARP8,139,ARP8,150,3
ARP8,139,ARP8,158,8
ARP8,144,ARP8,150,11
ARP8,144,ARP8,158,1
ARP8,144,ARP8,697,1
ARP8,149,ARP8,158,14
ARP8,150,ARP8,165,6
ARP8,158,ARP8,165,41
ARP8,158,ARP8,172,3
ARP8,158,ARP8,176,5
ARP8,165,ARP8,176,2
ARP8,172,ARP8,176,11
ARP8,172,ARP8,202,1
ARP8,211,ARP8,222,7
ARP8,222,ARP8,775,1
ARP8,299,ARP8,626,3
ARP8,342,ARP8,344,10
ARP8,342,ARP8,595,2
ARP8,344,ARP8,368,1
ARP8,361,ARP8,595,2
ARP8,401,ARP8,556,8
ARP8,401,ARP8,567,4
ARP8,411,ARP8,459,4
ARP8,411,ARP8,626,2
ARP8,556,ARP8,567,1
ARP8,566,ARP8,567,1
ARP8,626,ARP8,688,7
ARP8,626,ARP8,697,12
ARP8,670,ARP8,801,12
ARP8,768,ARP8,772,29
ARP8,768,ARP8,775,3
ARP8,772,ARP8,787,16
ARP8,775,ARP8,793,3
ARP8,787,ARP8,801,21
ARP8,793,ARP8,793,3
ARP8,626,RVB2,331,1
ACT1,213,ARP8,165,1
ACT1,326,ARP8,688,18
ACT1,328,ARP8,688,9
IES2,53,IES2,64,2
IES2,53,IES2,96,1
IES2,132,IES2,140,5
IES2,218,IES2,231,5
IES2,218,IES2,232,29
IES2,218,IES2,250,1
IES2,230,IES2,231,1
IES2,230,IES2,232,21
IES2,230,IES2,250,1
IES2,231,IES2,250,2
IES2,232,IES2,232,1
IES2,232,IES2,250,3
IES2,250,IES2,261,19
IES2,250,IES2,267,6
IES2,250,IES2,270,1
IES2,250,IES2,286,6
IES2,255,IES2,261,12
IES2,261,IES2,271,3
IES2,261,IES2,275,5
IES2,267,IES2,275,1
IES2,270,IES2,286,2
IES2,271,IES2,286,1
IES2,230,RVB2,233,1
IES2,250,RVB2,154,2
IES2,286,RVB2,157,4
RVB2,154,RVB2,181,1
RVB2,154,RVB2,183,5
RVB2,154,RVB2,194,43
RVB2,157,RVB2,174,1
RVB2,174,RVB2,194,5
RVB2,198,RVB2,233,16
RVB2,231,RVB2,233,10
RVB2,331,RVB2,338,38
RVB2,331,RVB2,357,1
RVB2,389,RVB2,424,40
RVB2,424,RVB2,438,32
IES5,2,IES5,16,13
IES5,4,IES5,16,13
IES5,12,IES5,16,19
IES5,16,IES5,26,3
ACT1,291,ACT1,326,31
ACT1,291,ACT1,328,39
