protein1,residue1,protein2,residue2,value
TAF14,2,TAF14,149,1
TAF14,149,TAF14,161,9
TAF14,149,TAF14,166,2
TAF14,149,TAF14,174,2
TAF14,161,TAF14,166,25
INO80,345,TAF14,166,2
INO80,347,TAF14,166,2
INO80,427,TAF14,241,1
NHP10,74,NHP10,78,10
NHP10,74,NHP10,80,12
NHP10,74,NHP10,82,2
NHP10,78,NHP10,87,2
NHP10,78,NHP10,109,1
NHP10,80,NHP10,87,2
NHP10,80,NHP10,137,3
NHP10,80,NHP10,170,7
NHP10,82,NHP10,87,1
NHP10,85,NHP10,109,1
NHP10,85,NHP10,159,1
NHP10,85,NHP10,160,6
NHP10,87,NHP10,109,9
NHP10,87,NHP10,159,1
NHP10,87,NHP10,160,15
NHP10,95,NHP10,109,1
NHP10,109,NHP10,159,2
NHP10,129,NHP10,137,4
NHP10,129,NHP10,141,2
NHP10,137,NHP10,159,2
NHP10,137,NHP10,160,2
NHP10,159,NHP10,176,1
NHP10,160,NHP10,176,1
NHP10,170,NHP10,178,42
NHP10,170,NHP10,187,6
NHP10,176,NHP10,178,19
NHP10,176,NHP10,187,6
NHP10,176,NHP10,192,2
NHP10,178,NHP10,187,1
NHP10,178,NHP10,192,1
INO80,855,NHP10,32,1
INO80,186,NHP10,80,3
INO80,186,NHP10,109,1
INO80,109,NHP10,137,1
INO80,185,NHP10,137,1
INO80,186,NHP10,137,8
INO80,483,NHP10,170,70
IES1,580,NHP10,78,1
IES1,580,NHP10,80,1
IES1,533,NHP10,109,2
IES1,609,NHP10,109,2
IES1,609,NHP10,129,2
IES1,533,NHP10,137,6
IES1,609,NHP10,137,2
IES5,16,NHP10,14,5
IES5,16,NHP10,109,1
IES5,26,NHP10,109,2
ACT1,315,NHP10,187,1
IES3,34,IES3,40,2
IES3,77,IES3,88,1
IES3,27,INO80,572,1
IES3,209,INO80,186,1
IES3,239,INO80,334,5
IES3,239,INO80,345,3
IES1,598,IES3,182,2
INO80,24,INO80,45,2
INO80,28,INO80,45,1
INO80,119,INO80,629,1
INO80,173,INO80,185,1
INO80,182,INO80,185,16
INO80,182,INO80,186,4
INO80,186,INO80,186,10
INO80,320,INO80,324,6
INO80,320,INO80,345,1
INO80,320,INO80,347,4
INO80,321,INO80,334,5
INO80,321,INO80,341,5
INO80,321,INO80,345,3
INO80,324,INO80,345,6
INO80,334,INO80,341,9
INO80,341,INO80,347,2
INO80,345,INO80,350,17
INO80,345,INO80,352,4
INO80,378,INO80,387,1
INO80,383,INO80,386,27
INO80,383,INO80,387,67
INO80,383,INO80,393,1
INO80,383,INO80,443,3
INO80,387,INO80,575,1
INO80,427,INO80,443,21
INO80,427,INO80,456,7
INO80,427,INO80,460,6
INO80,441,INO80,443,11
INO80,441,INO80,460,6
INO80,443,INO80,456,35
INO80,478,INO80,483,1
INO80,487,INO80,798,1
INO80,520,INO80,526,5
INO80,544,INO80,555,4
INO80,545,INO80,555,4
INO80,545,INO80,556,1
INO80,555,INO80,566,37
INO80,556,INO80,566,9
INO80,559,INO80,567,71
INO80,559,INO80,572,34
INO80,566,INO80,572,36
INO80,566,INO80,575,1
INO80,567,INO80,572,3
INO80,962,INO80,1009,3
INO80,1350,INO80,1454,1
INO80,1437,INO80,1454,3
INO80,1439,INO80,1454,3
ARP5,731,INO80,9,4
ARP5,319,INO80,12,1
ARP5,498,INO80,12,1
ARP5,74,INO80,334,5
ARP5,467,INO80,334,5
ARP5,74,INO80,345,3
ARP5,467,INO80,345,3
ARP5,323,INO80,443,3
ARP5,343,INO80,1009,1
ARP5,480,INO80,1150,1
INO80,962,RVB1,31,7
INO80,1009,RVB1,134,6
INO80,1009,RVB1,174,4
INO80,1082,RVB1,290,2
INO80,1303,RVB1,2,1
INO80,1303,RVB1,8,2
INO80,1437,RVB1,2,3
INO80,1454,RVB1,2,6
IES1,650,INO80,109,3
IES1,609,INO80,119,10
IES1,127,INO80,572,3
ARP4,313,INO80,443,1
ARP4,323,INO80,443,2
ARP4,473,INO80,443,1
ARP4,326,INO80,460,8
ARP4,332,INO80,460,1
ARP4,335,INO80,460,1
ARP4,323,INO80,478,3
ARP4,326,INO80,478,4
ARP4,326,INO80,487,1
ARP8,132,INO80,443,2
ARP8,135,INO80,443,1
ARP8,136,INO80,443,1
ARP8,158,INO80,443,1
ARP8,165,INO80,443,1
ARP8,132,INO80,456,3
ARP8,165,INO80,456,3
ARP8,176,INO80,456,10
ARP8,132,INO80,460,7
ARP8,135,INO80,460,3
ARP8,149,INO80,460,2
ARP8,158,INO80,460,9
ARP8,165,INO80,460,6
ARP8,135,INO80,483,1
ARP8,135,INO80,505,2
ARP8,202,INO80,505,40
ARP8,211,INO80,523,1
ARP8,222,INO80,523,12
ARP8,222,INO80,526,4
ARP8,165,INO80,572,1
ARP8,787,INO80,1310,5
IES2,261,INO80,2,2
IES2,250,INO80,798,3
IES2,261,INO80,803,2
IES2,250,INO80,1009,3
IES2,275,INO80,1009,1
IES2,286,INO80,1312,3
INO80,186,RVB2,281,2
INO80,1482,RVB2,198,3
IES5,16,INO80,185,1
IES5,16,INO80,186,2
ARP5,300,ARP5,302,1
ARP5,300,ARP5,306,1
ARP5,300,ARP5,319,1
ARP5,300,ARP5,432,2
ARP5,300,ARP5,435,2
ARP5,300,ARP5,489,4
ARP5,302,ARP5,319,1
ARP5,302,ARP5,323,2
ARP5,302,ARP5,432,10
ARP5,302,ARP5,435,3
ARP5,302,ARP5,489,6
ARP5,319,ARP5,489,5
ARP5,323,ARP5,489,2
ARP5,342,ARP5,361,22
ARP5,343,ARP5,361,1
ARP5,362,ARP5,489,3
ARP5,422,ARP5,430,11
ARP5,422,ARP5,432,4
ARP5,422,ARP5,435,2
ARP5,432,ARP5,440,8
ARP5,435,ARP5,440,2
ARP5,445,ARP5,448,16
ARP5,448,ARP5,467,1
ARP5,462,ARP5,470,2
ARP5,473,ARP5,480,1
ARP5,478,ARP5,489,6
ARP5,480,ARP5,489,5
ARP5,486,ARP5,489,8
ARP5,489,ARP5,498,3
ARP5,489,ARP5,509,2
ARP5,726,ARP5,743,102
ARP5,726,ARP5,746,114
ARP5,731,ARP5,746,1
ARP5,743,ARP5,751,3
ARP5,69,IES6,55,3
ARP5,489,IES6,114,13
ARP5,489,IES6,126,2
ARP5,489,IES6,145,2
ARP5,480,ARP8,787,3
ARP5,498,ARP8,793,2
ARP5,462,IES2,267,2
RVB1,2,RVB1,31,39
RVB1,2,RVB1,42,9
RVB1,2,RVB1,177,1
RVB1,2,RVB1,290,1
RVB1,2,RVB1,377,2
RVB1,2,RVB1,432,7
RVB1,8,RVB1,31,15
RVB1,8,RVB1,42,8
RVB1,8,RVB1,432,4
RVB1,31,RVB1,42,2
RVB1,171,RVB1,177,2
RVB1,174,RVB1,239,1
RVB1,177,RVB1,240,10
RVB1,283,RVB1,290,2
IES1,468,RVB1,137,3
RVB1,2,RVB2,414,15
RVB1,290,RVB2,198,2
RVB1,450,RVB2,338,4
RVB1,454,RVB2,338,1
IES1,113,IES1,283,14
IES1,115,IES1,283,16
IES1,121,IES1,127,10
IES1,121,IES1,128,1
IES1,121,IES1,283,13
IES1,127,IES1,283,5
IES1,128,IES1,283,2
IES1,274,IES1,468,1
IES1,348,IES1,370,2
IES1,362,IES1,374,2
IES1,484,IES1,485,6
IES1,484,IES1,492,27
IES1,598,IES1,609,1
IES1,24,IES2,255,1
IES6,61,IES6,72,2
IES6,72,IES6,80,5
IES6,72,IES6,83,4
ARP4,195,ARP4,227,3
ARP4,218,ARP4,227,7
ARP4,313,ARP4,326,3
ARP4,323,ARP4,326,18
ARP4,323,ARP4,332,1
ARP4,323,ARP4,335,1
ARP4,326,ARP4,335,2
ARP4,326,ARP4,336,4
ARP4,326,ARP4,343,6
ARP4,332,ARP4,336,23
ARP4,335,ARP4,336,6
ARP4,326,ARP8,132,2
ARP4,326,ARP8,135,1
ARP4,326,ARP8,165,2
ARP4,335,ARP8,165,1
ACT1,315,ARP4,210,1
IES4,44,IES4,84,5
IES4,44,IES4,94,1
IES4,84,IES4,94,4
IES4,89,IES4,93,1
IES4,89,IES4,94,8
IES4,93,IES4,108,1
ARP8,176,IES4,93,1
ARP8,122,ARP8,135,1
ARP8,132,ARP8,135,54
ARP8,132,ARP8,136,27
ARP8,132,ARP8,139,6
ARP8,132,ARP8,144,11
ARP8,132,ARP8,149,2
ARP8,132,ARP8,150,3
ARP8,132,ARP8,158,4
ARP8,132,ARP8,165,7
ARP8,135,ARP8,139,1
ARP8,135,ARP8,144,16
ARP8,135,ARP8,149,6
ARP8,135,ARP8,150,3
ARP8,135,ARP8,165,3
ARP8,136,ARP8,144,27
ARP8,136,ARP8,165,2
ARP8,139,ARP8,150,1
ARP8,144,ARP8,150,27
ARP8,144,ARP8,158,11
ARP8,149,ARP8,158,12
ARP8,149,ARP8,165,2
ARP8,150,ARP8,165,6
ARP8,158,ARP8,165,57
ARP8,165,ARP8,176,1
ARP8,172,ARP8,176,10
ARP8,211,ARP8,222,6
ARP8,772,ARP8,787,6
ARP8,787,ARP8,801,3
ACT1,328,ARP8,688,1
IES2,53,IES2,96,2
IES2,218,IES2,232,6
IES2,218,IES2,250,1
IES2,230,IES2,232,7
IES2,232,IES2,232,1
IES2,250,IES2,261,9
IES2,250,IES2,267,3
IES2,250,IES2,295,1
IES2,255,IES2,261,18
IES2,261,IES2,275,2
IES2,261,IES2,286,1
IES2,267,IES2,275,1
IES2,275,IES2,286,1
IES2,286,RVB2,157,3
RVB2,154,RVB2,181,6
RVB2,154,RVB2,194,14
RVB2,231,RVB2,233,1
RVB2,331,RVB2,338,18
RVB2,389,RVB2,424,3
IES5,2,IES5,16,4
IES5,16,IES5,26,2
